{
  "side": "right",
  "image_width": 1280,
  "image_height": 720,
  "device": null,
  "ids_used": [
    1,
    2,
    4,
    5
  ],
  "H": [
    [
      0.8371647724433883,
      0.0822385012341276,
      213.83996425143152
    ],
    [
      -0.004336638367807296,
      -0.8388316314833733,
      615.4973096721607
    ],
    [
      -4.397601824485339e-05,
      0.00011317218089433866,
      1.0
    ]
  ],
  "reprojection_error_mm": {
    "mean": 0.0,
    "max": 0.0
  }
}