{
  "side": "left",
  "image_width": 1280,
  "image_height": 720,
  "ids_used": [
    0,
    1,
    3,
    4
  ],
  "H": [
    [
      0.8140948460912956,
      0.007594691484146924,
      -294.1478797044966
    ],
    [
      -0.0015284150527134818,
      -0.8295477824622358,
      621.7311070131491
    ],
    [
      -4.470903324289832e-05,
      1.6478524273369937e-05,
      1.0
    ]
  ]
}